Passenger ID,First Name,Last Name,Gender,Age,Nationality,Airport Name,Airport Country Code,Country Name,Airport Continent,Continents,Departure Date,Arrival Airport,Pilot Name,Flight Status
TT9kyX,Reggie,Woolens,Female,84,Yemen,Abilene Regional Airport,US,United States,NAM,North America,02-08-2022,ABI,Bobbie Whitebrook,Delayed
hM0fL3,Igor,Kinglesyd,Male,71,Indonesia,Mayor PNP Nancy Flores Paucar Airport,PE,Peru,SAM,South America,8/24/2022,MZA,Allyn Dunthorn,Delayed
FYl2E4,Lucinda,Ferroli,Female,53,Argentina,Kunming Changshui International Airport,CN,China,AS,Asia,06-10-2022,KMG,Rois Skpsey,On Time
bal8SF,Francine,Brewers,Female,88,China,Pond Inlet Airport,CA,Canada,NAM,North America,05-10-2022,YIO,Fern Bauldrey,Delayed
nXotyE,Conan,Fudger,Male,19,China,Soyo Airport,AO,Angola,AF,Africa,6/19/2022,SZA,Peria Wohlers,Delayed
Cz5DVw,Johny,Eades,Male,51,Indonesia,Dalaman International Airport,TR,Turkey,AS,Asia,12-09-2022,DLM,Elyse Sandeford,On Time
j8g5GJ,Rhody,Pendlebery,Female,76,Czech Republic,Dhanbad Airport,IN,India,AS,Asia,3/26/2022,DBD,Elfie Croal,Cancelled
KZ4e1n,Wren,Kuhnt,Female,64,Thailand,Moma Airport,RU,Russian Federation,EU,Europe,07-04-2022,MQJ,Yale Ellington,On Time
ymM062,Carmen,Niven,Female,54,Portugal,Sultan Bantilan Airport,ID,Indonesia,AS,Asia,5/18/2022,TLI,Gerry MacTrustrie,Cancelled
OtbTSL,Pancho,Asbury,Male,29,China,Mae Hong Son Airport,TH,Thailand,AS,Asia,08-11-2022,PYY,Elle Dries,Delayed
GeCfLD,Dode,Elacoate,Female,72,Brazil,Flugplatz Kitzingen,DE,Germany,EU,Europe,1/22/2022,KZG,Ignaz Natalie,On Time
GjjaM0,Cecilio,Farmar,Male,83,Albania,Joint Base Balad,IQ,Iraq,AS,Asia,12/24/2022,XQC,Jesselyn Kreutzer,Delayed
G8FLa9,Matelda,Cossam,Female,17,Iran,Kakoro(Koroko) Airstrip,PG,Papua New Guinea,OC,Oceania,1/28/2022,KOR,Bone Goodridge,Cancelled
etnh2R,Corey,Hebard,Female,39,Russia,Franklin Municipal-John Beverly Rose Airport,US,United States,NAM,North America,12/14/2022,FKN,Neely Bille,Delayed
ERl5zw,Lauryn,Yurivtsev,Female,83,Saint Vincent and the Grenadines,Daniel Oduber Quiros International Airport,CR,Costa Rica,NAM,North America,3/14/2022,LIR,Dar Andrzej,On Time
1oskbs,Algernon,Sambath,Male,56,Poland,Eucla Airport,AU,Australia,OC,Oceania,8/31/2022,EUC,Latia Undrill,On Time
UsMZqH,Elana,Jarratt,Female,89,China,White Mountain Airport,US,United States,NAM,North America,1/18/2022,WMO,Conan Creus,On Time
Ihm8iF,Chlo,Lightowlers,Female,18,Portugal,Doomadgee Airport,AU,Australia,OC,Oceania,01-04-2022,DMD,Esme Pallesen,Delayed
S5uOr6,Vachel,Harp,Male,65,Poland,Minami-Daito Airport,JP,Japan,AS,Asia,1/14/2022,MMD,Tillie Swiffin,On Time
focZmk,Sheeree,Tomlinson,Female,3,Mexico,Brønnøysund Airport,NO,Norway,EU,Europe,10/18/2022,BNN,Sydelle Newbury,Cancelled
5PVoc9,Benedict,Bown,Male,4,Armenia,Batticaloa Airport,LK,Sri Lanka,AS,Asia,11-02-2022,BTC,Pren Dishmon,Delayed
ck27r2,Willabella,Safell,Female,33,Afghanistan,Blanding Municipal Airport,US,United States,NAM,North America,11/14/2022,BDG,Aileen Ridd,Delayed
iNrLUr,Denver,Rahlof,Male,11,Comoros,Ottawa / Gatineau Airport,CA,Canada,NAM,North America,7/24/2022,YND,Donica Crucitti,On Time
RToY8E,Ase,Tite,Male,60,Jamaica,Kayes Dag Dag Airport,ML,Mali,AF,Africa,12/21/2022,KYS,Christean Lapthorn,Cancelled
N9FbJY,Gilbertine,Valens-Smith,Female,11,Russia,Antalya International Airport,TR,Turkey,AS,Asia,03-04-2022,AYT,Sheeree Tarborn,Delayed
t4AEal,Isaiah,Mapson,Male,66,Morocco,Barth Airport,DE,Germany,EU,Europe,1/21/2022,BBH,Kaylil Annwyl,Cancelled
UlqOwm,Odette,Harbert,Female,21,Philippines,Punta Cana International Airport,DO,Dominican Republic,NAM,North America,09-06-2022,PUJ,Ferris Skeldinge,Delayed
AiQ1YY,Karrah,Bodycombe,Female,4,China,Masalembo Airport,ID,Indonesia,AS,Asia,05-02-2022,MSI,Morna Lainton,Cancelled
oa3NNj,Janot,Pinches,Female,78,Russia,Trombetas Airport,BR,Brazil,SAM,South America,12-06-2022,TMT,Kelsey Baseggio,Delayed
0DAc05,Roarke,Myring,Male,42,Russia,Chenega Bay Airport,US,United States,NAM,North America,01-11-2022,NCN,Ximenez Haily,Delayed
ApKpye,Hilliard,Swayte,Male,49,Switzerland,Urubupunga Airport,BR,Brazil,SAM,South America,7/19/2022,URB,Fredi Childers,Delayed
uypT5Y,Heindrick,Grolle,Male,83,China,Grand-Santi Airport,GF,French Guiana,SAM,South America,8/15/2022,GSI,Chickie Ashbolt,Cancelled
ZK7ySe,Toni,Bungey,Female,77,United States,Kanainj Airport,PG,Papua New Guinea,OC,Oceania,03-11-2022,KNE,Siffre Cutmare,Cancelled
kj7Nax,Glory,Spencley,Female,5,Russia,Addington Field,US,United States,NAM,North America,08-08-2022,EKX,Goldina Carruthers,Cancelled
GdlqD7,Laurianne,Woodcroft,Female,81,China,Lake Nash Airport,AU,Australia,OC,Oceania,5/28/2022,LNH,Maryjane Huckett,Delayed
oI7bl1,Sanders,Densey,Male,74,China,Limon Municipal Airport,US,United States,NAM,North America,01-02-2022,LIC,Iorgo Smithies,On Time
aW1AVv,Hadleigh,Subhan,Male,59,Pakistan,Malikus Saleh Airport,ID,Indonesia,AS,Asia,5/23/2022,LSW,Penelope Espinal,On Time
uk7xdx,Aldric,Slocombe,Male,63,Indonesia,Kotlas Airport,RU,Russian Federation,EU,Europe,2/27/2022,KSZ,Delainey Blowin,Cancelled
gPTtp5,Trina,Tebbett,Female,80,Jamaica,Hazleton Municipal Airport,US,United States,NAM,North America,5/26/2022,HZL,Eduard Le Cornu,Cancelled
H6bT60,Lyle,Konig,Male,27,Philippines,Usino Airport,PG,Papua New Guinea,OC,Oceania,6/13/2022,USO,Raymund Screaton,On Time
VNFiMT,Tab,Buffin,Male,4,Peru,Ararat Airport,AU,Australia,OC,Oceania,6/30/2022,ARY,Koralle Goatcher,Delayed
jXfqD5,Odell,Brosi,Male,83,Guatemala,Ontario Municipal Airport,US,United States,NAM,North America,9/25/2022,ONO,Nicky Prandin,Delayed
2xGsvT,Trueman,Nutley,Male,33,Saudi Arabia,Butterworth Airport,MY,Malaysia,AS,Asia,5/26/2022,BWH,Cathi Boyne,Delayed
vkXuop,Jorrie,Barber,Female,55,Vietnam,Sepulot Airport,MY,Malaysia,AS,Asia,04-07-2022,SPE,Dyanne Hacquard,On Time
QBpzhs,Revkah,Adamov,Female,79,China,Mukah Airport,MY,Malaysia,AS,Asia,9/26/2022,MKM,Catriona Lett,Cancelled
gMvIWH,Maren,Cocke,Female,32,Japan,East Hampton Airport,US,United States,NAM,North America,5/25/2022,HTO,Jehanna Byrne,Cancelled
5OGRMH,Owen,Vousden,Male,82,China,Juan Pablo Pérez Alfonso Airport,VE,"Venezuela, Bolivarian Republic of",SAM,South America,02-01-2022,VIG,Wilburt Dellar,Delayed
S5Nkx8,Ravid,Jellett,Male,68,China,Yegepa Airport,PG,Papua New Guinea,OC,Oceania,10/24/2022,PGE,Effie Zannuto,Cancelled
ofyhIH,Dorri,Elan,Female,84,Vietnam,Dallas Executive Airport,US,United States,NAM,North America,1/24/2022,RBD,Jarrid Otridge,On Time
uftd6g,Trueman,Utting,Male,13,Czech Republic,Nipa Airport,PG,Papua New Guinea,OC,Oceania,5/21/2022,NPG,Lynn Lympenie,Cancelled
tocktw,Brit,Hardi,Male,22,Azerbaijan,Gabbs Airport,US,United States,NAM,North America,9/22/2022,GAB,Tracy Conibere,Delayed
eAhT7X,Cordey,Linbohm,Female,45,Ethiopia,Snake Bay Airport,AU,Australia,OC,Oceania,1/13/2022,SNB,Daune Douch,On Time
JxieFV,Amory,Akett,Male,80,Palestinian Territory,Zhijiang Airport,CN,China,AS,Asia,8/14/2022,HJJ,Elysia Rothschild,Cancelled
A5xotM,Weylin,Trimmill,Male,68,Uganda,Rumbek Airport,SS,South Sudan,AF,Africa,01-06-2022,RBX,Pennie Gorrie,On Time
4KaPdr,Gardiner,Ashbrook,Male,56,Colombia,Herrera Airport,CO,Colombia,SAM,South America,04-11-2022,HRR,Shell Landa,Cancelled
PONimZ,Eugenie,Perillo,Female,48,Indonesia,Bahawalnagar Airport,PK,Pakistan,AS,Asia,04-12-2022,WGB,Olivette Dymocke,Delayed
yIU9l4,Gregor,Kenworthey,Male,14,Suriname,Beloyarskiy Airport,RU,Russian Federation,EU,Europe,12/20/2022,EYK,Darsie Cicci,Delayed
12txc0,Levon,Bertie,Male,39,Uganda,Brønnøysund Airport,NO,Norway,EU,Europe,2/24/2022,BNN,Arlette Airey,Cancelled
e22DgM,Rollie,Macey,Male,81,China,New Bight Airport,BS,Bahamas,NAM,North America,11/14/2022,TBI,Reta Dober,On Time
l3iRHN,Christopher,Tatlow,Male,67,Brazil,Rae Lakes Airport,CA,Canada,NAM,North America,09-03-2022,YRA,Vinson Rannald,Delayed
CBEYxS,Lark,Jancar,Female,1,Peru,Sulayel Airport,SA,Saudi Arabia,AS,Asia,12-10-2022,SLF,Lazar Rubertelli,Delayed
gOxdNR,Naoma,Blaine,Female,3,Sweden,Wanganui Airport,NZ,New Zealand,OC,Oceania,05-09-2022,WAG,Matthus Harmer,Cancelled
CXKfXC,Cilka,Jubert,Female,73,Russia,Ocean County Airport,US,United States,NAM,North America,4/20/2022,MJX,Glen Broader,On Time
dE3T6n,Llewellyn,Cubbini,Male,34,Iran,Bahawalnagar Airport,PK,Pakistan,AS,Asia,7/22/2022,WGB,Mathe Perrie,On Time
CcIoT0,Delores,Ponte,Female,34,China,Comandante FAP German Arias Graziani Airport,PE,Peru,SAM,South America,5/23/2022,ATA,Vina Waltho,Cancelled
Om8yWN,Borg,Boni,Male,77,Indonesia,Memanbetsu Airport,JP,Japan,AS,Asia,3/29/2022,MMB,Simonette Carmen,Cancelled
th2EFr,Margaretta,Josskowitz,Female,23,China,Colón Airport,CU,Cuba,NAM,North America,11/24/2022,QCO,Cordell Tuckey,On Time
bpz62C,Petey,MacAllan,Male,88,Venezuela,Nusatupe Airport,SB,Solomon Islands,OC,Oceania,06-11-2022,GZO,Jan Lenahan,Cancelled
SZYokx,Deane,Tidbold,Male,84,Brazil,Charlotte Amalie Harbor Seaplane Base,VI,"Virgin Islands, U.S.",NAM,North America,4/13/2022,SPB,Grannie Goodbody,On Time
uM3Ohv,Aurel,Hawksley,Female,35,Argentina,Dhanbad Airport,IN,India,AS,Asia,8/21/2022,DBD,Sibeal Grouen,Delayed
M2KFaF,Cate,Astle,Female,55,Indonesia,Vunisea Airport,FJ,Fiji,OC,Oceania,08-09-2022,KDV,Isidoro Bibbie,On Time
OMldUl,Wolfie,Moresby,Male,56,Poland,Lee C Fine Memorial Airport,US,United States,NAM,North America,11-12-2022,AIZ,Free Gwyllt,On Time
5NlLWu,Charissa,De Mico,Female,17,Sweden,Shahrekord Airport,IR,"Iran, Islamic Republic of",AS,Asia,2/18/2022,CQD,Stuart Zeplin,Cancelled
W34xWW,Marni,Josupeit,Female,9,Indonesia,Bacău Airport,RO,Romania,EU,Europe,7/17/2022,BCM,Rochell Cluney,On Time
9mDdOu,Bobina,Chamney,Female,72,Yemen,Batavia Downs Airport,AU,Australia,OC,Oceania,6/17/2022,BVW,Claybourne Gambell,Delayed
ZnolWl,Cesaro,Kissock,Male,88,China,Codazzi Airport,CO,Colombia,SAM,South America,04-04-2022,DZI,Sybille Codman,On Time
qx8zN7,Alonso,Nazer,Male,69,Japan,Gisborne Airport,NZ,New Zealand,OC,Oceania,06-03-2022,GIS,Anya Pinnere,On Time
jhYfy8,Dulciana,Sijmons,Female,25,China,Wairoa Airport,NZ,New Zealand,OC,Oceania,06-06-2022,WIR,Rudyard Pembry,On Time
XYop7r,Philip,Rosendall,Male,81,Mexico,Bologna Guglielmo Marconi Airport,IT,Italy,EU,Europe,01-11-2022,BLQ,Fayth Costellow,Delayed
nZcmlZ,Zelig,Rothermel,Male,81,Poland,Songyuan Chaganhu Airport,CN,China,AS,Asia,05-10-2022,YSQ,Janella Reyne,Cancelled